Time (min),Absorbance 210 nm (mAU)
0.000,1.5907
0.010,1.6896
0.020,1.3799
0.030,1.6096
0.040,1.4185
0.050,1.4263
0.060,1.3502
0.070,1.7564
0.080,1.4925
0.090,1.4674
0.100,1.3944
0.110,1.3695
0.120,1.4116
0.130,1.6227
0.140,1.5616
0.150,1.3452
0.160,1.4562
0.170,1.7898
0.180,1.7012
0.190,1.7387
0.200,1.4200
0.210,1.3847
0.220,1.5072
0.230,1.6203
0.240,1.3684
0.250,1.1196
0.260,1.6254
0.270,1.5768
0.280,1.6049
0.290,1.3484
0.300,1.5854
0.310,1.5996
0.320,1.4202
0.330,1.5831
0.340,1.6076
0.350,1.6878
0.360,1.3706
0.370,1.0963
0.380,1.9931
0.390,1.6174
0.400,1.6269
0.410,1.5476
0.420,1.6136
0.430,1.2913
0.440,1.4559
0.450,1.4986
0.460,1.7332
0.470,1.5854
0.480,1.5637
0.490,1.4065
0.500,1.4284
0.510,1.7719
0.520,1.7228
0.530,1.4690
0.540,1.4608
0.550,1.6467
0.560,1.3675
0.570,1.2930
0.580,1.5657
0.590,1.4825
0.600,1.5969
0.610,1.5924
0.620,1.4948
0.630,1.6066
0.640,1.4906
0.650,1.4766
0.660,1.5949
0.670,1.6224
0.680,1.5770
0.690,1.6316
0.700,1.3917
0.710,1.7559
0.720,1.8050
0.730,1.5208
0.740,1.5644
0.750,1.6855
0.760,1.4887
0.770,1.4490
0.780,1.4772
0.790,1.5408
0.800,1.5389
0.810,1.5481
0.820,1.7366
0.830,1.3873
0.840,1.6834
0.850,1.4859
0.860,1.7053
0.870,1.8769
0.880,1.6823
0.890,1.6448
0.900,1.5609
0.910,1.7665
0.920,1.4933
0.930,1.3680
0.940,1.1251
0.950,1.5873
0.960,1.5306
0.970,1.4123
0.980,1.2819
0.990,1.4217
1.000,1.5134
1.010,1.6536
1.020,1.4887
1.030,1.6388
1.040,1.5549
1.050,1.6877
1.060,1.2868
1.070,1.4988
1.080,1.7956
1.090,1.4260
1.100,1.4669
1.110,1.4438
1.120,1.6269
1.130,1.6684
1.140,1.4914
1.150,1.8700
1.160,1.6866
1.170,1.5981
1.180,1.7616
1.190,1.4586
1.200,1.8608
1.210,1.6713
1.220,1.4344
1.230,1.5698
1.240,1.7495
1.250,1.6585
1.260,1.4773
1.270,1.6622
1.280,1.4372
1.290,1.5938
1.300,1.6854
1.310,1.6493
1.320,1.9125
1.330,1.8250
1.340,1.6753
1.350,1.6217
1.360,1.6204
1.370,1.5572
1.380,1.5734
1.390,1.7341
1.400,1.6971
1.410,2.0782
1.420,1.4316
1.430,1.6845
1.440,1.7697
1.450,1.6216
1.460,1.5391
1.470,1.6725
1.480,1.3572
1.490,1.7080
1.500,1.7114
1.510,1.5914
1.520,1.7252
1.530,1.7822
1.540,1.6252
1.550,1.4397
1.560,1.3485
1.570,1.7931
1.580,1.7002
1.590,1.7498
1.600,1.6586
1.610,1.8148
1.620,1.4440
1.630,1.4696
1.640,1.6859
1.650,1.4797
1.660,1.7845
1.670,1.5366
1.680,1.6966
1.690,1.4350
1.700,1.4258
1.710,1.5551
1.720,1.6780
1.730,1.7580
1.740,1.7104
1.750,1.6480
1.760,1.7112
1.770,1.6928
1.780,1.7306
1.790,1.7620
1.800,1.5310
1.810,1.5866
1.820,1.7802
1.830,1.4792
1.840,1.6692
1.850,1.6264
1.860,1.6505
1.870,1.5698
1.880,1.2515
1.890,1.6731
1.900,1.5109
1.910,1.8006
1.920,1.8944
1.930,1.4694
1.940,1.8843
1.950,1.6149
1.960,1.6983
1.970,1.6784
1.980,1.5326
1.990,1.8947
2.000,1.6267
2.010,1.7253
2.020,1.8732
2.030,1.7752
2.040,1.6524
2.050,1.8250
2.060,1.6621
2.070,1.9302
2.080,1.6807
2.090,1.7690
2.100,1.8529
2.110,1.5269
2.120,1.7749
2.130,1.5518
2.140,2.0083
2.150,1.5646
2.160,1.5805
2.170,1.7554
2.180,1.7271
2.190,1.4889
2.200,1.7646
2.210,1.6713
2.220,1.7494
2.230,1.5177
2.240,2.0260
2.250,1.4178
2.260,1.5019
2.270,1.8811
2.280,1.6375
2.290,1.5923
2.300,1.6752
2.310,1.6003
2.320,1.6546
2.330,1.6247
2.340,1.6293
2.350,1.6595
2.360,1.7895
2.370,1.3802
2.380,1.7695
2.390,1.7028
2.400,1.5177
2.410,1.6830
2.420,1.5143
2.430,1.6075
2.440,1.4978
2.450,1.7154
2.460,1.3683
2.470,1.7773
2.480,1.7042
2.490,1.6992
2.500,1.8278
2.510,1.7916
2.520,1.5898
2.530,1.5903
2.540,1.6318
2.550,1.8307
2.560,1.5741
2.570,1.6505
2.580,2.0402
2.590,1.9083
2.600,1.6378
2.610,1.8142
2.620,1.6759
2.630,1.4908
2.640,1.9876
2.650,1.7056
2.660,1.7376
2.670,1.6150
2.680,1.6407
2.690,1.8243
2.700,1.6895
2.710,1.8561
2.720,1.6836
2.730,1.7459
2.740,1.9471
2.750,1.7544
2.760,1.4229
2.770,1.4774
2.780,1.8440
2.790,1.8699
2.800,1.6153
2.810,1.7165
2.820,1.6021
2.830,1.9013
2.840,1.8865
2.850,1.9102
2.860,1.7791
2.870,1.5640
2.880,1.8871
2.890,1.7042
2.900,1.5560
2.910,1.6896
2.920,1.8241
2.930,1.6972
2.940,1.4767
2.950,1.3469
2.960,1.6887
2.970,1.7532
2.980,1.6079
2.990,1.5797
3.000,1.7805
3.010,1.6560
3.020,1.5436
3.030,1.6445
3.040,1.5933
3.050,1.4742
3.060,1.7581
3.070,1.6079
3.080,1.4888
3.090,1.6338
3.100,1.7071
3.110,1.9499
3.120,1.8725
3.130,1.7039
3.140,1.7840
3.150,1.8106
3.160,1.8352
3.170,1.7781
3.180,1.6849
3.190,1.9235
3.200,1.9576
3.210,1.7163
3.220,1.5576
3.230,1.8591
3.240,1.7140
3.250,1.6193
3.260,1.6133
3.270,1.8415
3.280,1.9920
3.290,1.7913
3.300,1.8337
3.310,1.9930
3.320,1.9649
3.330,1.5301
3.340,1.6211
3.350,1.6234
3.360,1.5609
3.370,2.0563
3.380,1.5292
3.390,1.7112
3.400,1.9472
3.410,1.8729
3.420,1.5126
3.430,1.5431
3.440,1.7452
3.450,1.8429
3.460,1.9257
3.470,1.5601
3.480,1.5862
3.490,1.8253
3.500,1.6445
3.510,1.8713
3.520,1.8938
3.530,2.1839
3.540,2.3595
3.550,2.6194
3.560,2.9589
3.570,3.6298
3.580,4.1493
3.590,4.8928
3.600,6.1812
3.610,7.6078
3.620,9.2145
3.630,11.1208
3.640,13.6221
3.650,16.5639
3.660,19.6397
3.670,23.2505
3.680,26.8963
3.690,30.9413
3.700,34.9582
3.710,39.4505
3.720,43.6579
3.730,47.3235
3.740,50.3093
3.750,53.2228
3.760,55.2388
3.770,56.5839
3.780,57.0172
3.790,56.6547
3.800,55.9718
3.810,53.9172
3.820,51.4877
3.830,48.8486
3.840,45.4996
3.850,42.6506
3.860,39.9620
3.870,37.4372
3.880,35.6749
3.890,34.7205
3.900,34.3090
3.910,35.3158
3.920,37.6520
3.930,40.8546
3.940,44.8620
3.950,50.2392
3.960,56.4005
3.970,63.3321
3.980,70.7529
3.990,78.5807
4.000,86.1338
4.010,93.1805
4.020,99.5140
4.030,104.7219
4.040,108.8306
4.050,111.2073
4.060,112.1478
4.070,111.2455
4.080,108.8782
4.090,104.9435
4.100,99.4884
4.110,93.3919
4.120,86.2774
4.130,78.7906
4.140,70.8005
4.150,63.7671
4.160,56.6867
4.170,50.3751
4.180,44.9440
4.190,40.8050
4.200,37.6286
4.210,35.0740
4.220,34.5092
4.230,34.6762
4.240,35.8169
4.250,37.5158
4.260,40.2680
4.270,42.9788
4.280,46.0112
4.290,49.0638
4.300,51.2250
4.310,53.9722
4.320,55.7679
4.330,56.8118
4.340,56.8819
4.350,56.5024
4.360,55.2004
4.370,52.8972
4.380,50.5770
4.390,46.9396
4.400,43.4163
4.410,39.3084
4.420,34.8823
4.430,31.0134
4.440,26.6942
4.450,23.0545
4.460,19.9843
4.470,16.5718
4.480,13.7725
4.490,10.9225
4.500,9.4355
4.510,7.6206
4.520,6.0216
4.530,5.1668
4.540,4.1909
4.550,3.4216
4.560,2.9306
4.570,3.0135
4.580,2.2755
4.590,2.3438
4.600,1.9405
4.610,2.0788
4.620,1.8907
4.630,1.8683
4.640,1.7887
4.650,1.7052
4.660,1.6910
4.670,1.8244
4.680,1.7806
4.690,1.7180
4.700,1.9815
4.710,2.0987
4.720,1.8456
4.730,1.4600
4.740,1.7497
4.750,1.8428
4.760,1.8424
4.770,1.9164
4.780,1.6601
4.790,2.1622
4.800,1.9082
4.810,1.8621
4.820,1.9663
4.830,2.1507
4.840,1.7424
4.850,2.0067
4.860,2.2035
4.870,1.9588
4.880,2.0140
4.890,2.2208
4.900,2.0702
4.910,2.5924
4.920,2.8255
4.930,2.5111
4.940,3.1861
4.950,3.2625
4.960,4.1975
4.970,4.4483
4.980,5.5902
4.990,6.5002
5.000,7.4323
5.010,8.3963
5.020,9.6874
5.030,11.2111
5.040,12.7478
5.050,14.0594
5.060,15.4504
5.070,16.8987
5.080,18.0923
5.090,19.8347
5.100,20.3990
5.110,21.2268
5.120,21.7796
5.130,21.9872
5.140,21.8849
5.150,21.5420
5.160,21.0994
5.170,20.0486
5.180,19.3275
5.190,18.3898
5.200,17.5951
5.210,16.6340
5.220,16.1553
5.230,15.8507
5.240,16.1047
5.250,16.5952
5.260,17.6555
5.270,19.4223
5.280,21.4655
5.290,23.9958
5.300,27.2326
5.310,31.0894
5.320,35.1017
5.330,39.3856
5.340,43.4016
5.350,47.5325
5.360,51.3302
5.370,55.1679
5.380,57.9110
5.390,60.2965
5.400,61.4513
5.410,62.1883
5.420,61.5884
5.430,60.7541
5.440,58.3811
5.450,55.2786
5.460,52.1087
5.470,48.5645
5.480,44.8867
5.490,40.8589
5.500,37.5470
5.510,33.5712
5.520,31.0407
5.530,29.3163
5.540,28.2549
5.550,27.9182
5.560,28.4794
5.570,29.3773
5.580,31.5374
5.590,34.0841
5.600,36.8690
5.610,41.1029
5.620,44.6067
5.630,48.2537
5.640,52.4567
5.650,55.6154
5.660,58.0484
5.670,60.3403
5.680,61.6069
5.690,62.1738
5.700,61.5100
5.710,60.1814
5.720,58.0907
5.730,54.8971
5.740,51.8878
5.750,47.3960
5.760,43.3303
5.770,38.8865
5.780,35.0194
5.790,30.7724
5.800,27.4303
5.810,24.0898
5.820,21.4226
5.830,19.3718
5.840,17.6478
5.850,16.5162
5.860,15.7250
5.870,15.7326
5.880,16.1152
5.890,16.5415
5.900,17.4614
5.910,18.2983
5.920,19.5559
5.930,20.1057
5.940,20.9520
5.950,21.7453
5.960,21.8972
5.970,22.2576
5.980,21.9607
5.990,21.3390
6.000,20.4505
6.010,19.7986
6.020,18.3039
6.030,17.2446
6.040,15.7440
6.050,13.8312
6.060,12.5896
6.070,10.9805
6.080,9.6863
6.090,8.6333
6.100,7.2468
6.110,6.2975
6.120,5.4003
6.130,4.5340
6.140,4.1567
6.150,3.6785
6.160,2.8387
6.170,2.8616
6.180,2.6965
6.190,2.5058
6.200,2.3252
6.210,2.1544
6.220,2.0770
6.230,1.9743
6.240,2.2431
6.250,1.9454
6.260,2.0530
6.270,2.1458
6.280,2.3218
6.290,2.4170
6.300,2.6428
6.310,2.8623
6.320,3.1687
6.330,3.1804
6.340,3.3729
6.350,3.8410
6.360,4.2561
6.370,4.8090
6.380,5.3922
6.390,5.8631
6.400,6.3249
6.410,7.0000
6.420,7.5124
6.430,8.1096
6.440,8.3281
6.450,8.8212
6.460,8.9355
6.470,9.4293
6.480,9.5655
6.490,9.2769
6.500,9.1406
6.510,8.7819
6.520,8.6830
6.530,8.4639
6.540,8.1524
6.550,7.8976
6.560,7.7623
6.570,7.7519
6.580,7.6558
6.590,7.9346
6.600,8.0366
6.610,9.1729
6.620,9.9052
6.630,10.6531
6.640,12.1659
6.650,13.9835
6.660,15.9484
6.670,17.8347
6.680,19.7797
6.690,21.7299
6.700,24.2204
6.710,26.1402
6.720,27.8306
6.730,28.8522
6.740,30.1329
6.750,31.1104
6.760,31.2838
6.770,31.2992
6.780,30.5499
6.790,29.5040
6.800,28.0667
6.810,26.7506
6.820,24.9063
6.830,23.0193
6.840,21.5454
6.850,19.9290
6.860,18.8432
6.870,17.8371
6.880,17.3305
6.890,17.6630
6.900,17.7855
6.910,18.9335
6.920,20.1157
6.930,22.0401
6.940,23.9615
6.950,26.7598
6.960,29.7487
6.970,32.7294
6.980,35.7306
6.990,38.2938
7.000,40.5977
7.010,42.6641
7.020,44.2950
7.030,45.4745
7.040,45.5531
7.050,45.5001
7.060,44.5686
7.070,42.8065
7.080,40.8071
7.090,38.1246
7.100,35.6724
7.110,32.6510
7.120,29.7113
7.130,26.8995
7.140,24.3864
7.150,21.9538
7.160,19.9164
7.170,18.7089
7.180,17.8306
7.190,17.3266
7.200,17.2916
7.210,17.8549
7.220,18.6444
7.230,19.9957
7.240,21.5114
7.250,23.2057
7.260,24.7965
7.270,26.5618
7.280,28.2077
7.290,29.5472
7.300,30.4475
7.310,31.2515
7.320,31.1490
7.330,30.8118
7.340,30.1452
7.350,29.2981
7.360,27.6176
7.370,25.9982
7.380,24.0588
7.390,22.0899
7.400,19.9924
7.410,18.0911
7.420,15.7723
7.430,14.2212
7.440,12.4793
7.450,10.8818
7.460,9.7808
7.470,9.2192
7.480,8.2306
7.490,7.9553
7.500,7.5759
7.510,7.8181
7.520,7.4502
7.530,7.9209
7.540,8.2374
7.550,8.4535
7.560,8.9782
7.570,9.1438
7.580,8.9148
7.590,9.3231
7.600,9.4973
7.610,9.3380
7.620,9.3527
7.630,9.0975
7.640,8.7331
7.650,8.2242
7.660,8.0208
7.670,7.2629
7.680,7.0477
7.690,6.3492
7.700,5.9223
7.710,5.7764
7.720,5.2687
7.730,5.2558
7.740,4.9231
7.750,4.6306
7.760,4.9116
7.770,5.1214
7.780,4.8418
7.790,4.9039
7.800,4.9745
7.810,4.7852
7.820,5.0487
7.830,4.9663
7.840,4.9850
7.850,4.7913
7.860,4.3981
7.870,4.7338
7.880,4.8217
7.890,4.4369
7.900,4.4650
7.910,4.2276
7.920,4.5322
7.930,4.5636
7.940,4.6633
7.950,4.9303
7.960,5.3897
7.970,5.7864
7.980,5.9911
7.990,6.6153
8.000,7.5436
8.010,8.2246
8.020,8.9401
8.030,10.1912
8.040,11.1817
8.050,12.0865
8.060,12.8440
8.070,13.8862
8.080,14.1512
8.090,14.8047
8.100,15.2070
8.110,15.2526
8.120,15.4213
8.130,15.0455
8.140,14.5499
8.150,13.6851
8.160,13.4987
8.170,12.7654
8.180,11.6291
8.190,11.3415
8.200,10.5747
8.210,10.3712
8.220,9.8285
8.230,9.8849
8.240,10.4199
8.250,10.3562
8.260,11.6087
8.270,12.5123
8.280,13.7909
8.290,15.4208
8.300,17.0810
8.310,18.5562
8.320,20.5942
8.330,22.3053
8.340,23.9434
8.350,25.6049
8.360,26.8328
8.370,27.8654
8.380,28.1439
8.390,28.7052
8.400,28.5138
8.410,27.9084
8.420,26.8709
8.430,25.8620
8.440,24.0875
8.450,22.7112
8.460,20.9987
8.470,19.3002
8.480,17.7153
8.490,16.4105
8.500,15.3009
8.510,14.1998
8.520,13.7376
8.530,13.6211
8.540,13.7017
8.550,14.4764
8.560,14.8869
8.570,16.3145
8.580,17.7743
8.590,19.5503
8.600,21.0061
8.610,22.7057
8.620,24.5047
8.630,26.0336
8.640,26.7802
8.650,27.6565
8.660,28.5420
8.670,28.9567
8.680,28.1979
8.690,27.9511
8.700,26.8723
8.710,25.5845
8.720,24.1117
8.730,22.2729
8.740,20.6198
8.750,18.7048
8.760,16.6557
8.770,15.3463
8.780,14.0127
8.790,12.3082
8.800,11.5824
8.810,10.6683
8.820,10.1463
8.830,9.7661
8.840,10.1606
8.850,10.2493
8.860,10.5454
8.870,11.4726
8.880,12.0622
8.890,12.9016
8.900,13.4111
8.910,13.9979
8.920,14.8075
8.930,15.2260
8.940,15.2618
8.950,15.5713
8.960,15.5468
8.970,14.7236
8.980,14.7339
8.990,14.0007
9.000,13.2809
9.010,12.2588
9.020,11.3900
9.030,10.6665
9.040,9.6427
9.050,8.6377
9.060,7.9076
9.070,7.3422
9.080,6.6678
9.090,6.2817
9.100,5.9270
9.110,5.6866
9.120,5.4378
9.130,5.2982
9.140,5.4910
9.150,5.2091
9.160,5.0932
9.170,5.3758
9.180,5.3332
9.190,5.7395
9.200,5.5483
9.210,5.6475
9.220,5.8802
9.230,5.7013
9.240,5.8227
9.250,5.6856
9.260,5.5568
9.270,5.6811
9.280,5.0085
9.290,5.1861
9.300,5.2474
9.310,5.2344
9.320,5.1521
9.330,5.2170
9.340,5.2518
9.350,5.0380
9.360,5.7036
9.370,5.8130
9.380,6.2805
9.390,6.5289
9.400,6.8866
9.410,7.0027
9.420,7.6901
9.430,7.5718
9.440,7.6920
9.450,8.1477
9.460,8.0267
9.470,7.9043
9.480,7.8681
9.490,7.7562
9.500,7.6233
9.510,6.8125
9.520,6.8659
9.530,6.7506
9.540,6.1975
9.550,6.0133
9.560,6.5142
9.570,5.9292
9.580,5.8389
9.590,6.3506
9.600,6.7829
9.610,7.0695
9.620,7.6224
9.630,8.5511
9.640,9.3201
9.650,10.2146
9.660,11.1446
9.670,12.1799
9.680,12.9630
9.690,14.2699
9.700,14.8102
9.710,15.6530
9.720,16.2495
9.730,16.4263
9.740,16.7307
9.750,16.5424
9.760,16.1036
9.770,15.5883
9.780,14.9860
9.790,14.2463
9.800,13.7137
9.810,12.7105
9.820,11.9429
9.830,10.9503
9.840,10.6610
9.850,10.0329
9.860,9.4560
9.870,9.6042
9.880,9.6336
9.890,9.7378
9.900,10.5252
9.910,11.2264
9.920,12.3589
9.930,13.4248
9.940,14.6146
9.950,16.1018
9.960,16.9787
9.970,18.1884
9.980,19.5575
9.990,20.1921
10.000,20.8977
10.010,21.7167
10.020,21.7007
10.030,21.3135
10.040,20.8568
10.050,20.3060
10.060,19.5066
10.070,18.2176
10.080,17.1480
10.090,15.7131
10.100,14.6109
10.110,13.5179
10.120,12.1481
10.130,11.2616
10.140,10.3014
10.150,9.9362
10.160,9.4240
10.170,9.5585
10.180,9.2773
10.190,9.9907
10.200,10.4392
10.210,11.1302
10.220,11.7668
10.230,12.9565
10.240,13.5379
10.250,14.4165
10.260,15.0351
10.270,15.7366
10.280,16.1483
10.290,16.7861
10.300,16.6141
10.310,16.5358
10.320,16.1375
10.330,15.7536
10.340,15.0145
10.350,14.2107
10.360,13.5626
10.370,12.4356
10.380,11.4122
10.390,10.1929
10.400,9.4923
10.410,8.4231
10.420,7.8514
10.430,7.4280
10.440,7.0859
10.450,6.5210
10.460,6.2940
10.470,6.4179
10.480,6.3223
10.490,6.4670
10.500,6.9333
10.510,6.8225
10.520,6.9923
10.530,7.9025
10.540,8.0432
10.550,8.0512
10.560,8.1265
10.570,8.1512
10.580,8.3783
10.590,8.4033
10.600,8.0466
10.610,7.9685
10.620,7.5354
10.630,7.5588
10.640,7.1327
10.650,6.7556
10.660,6.3863
10.670,6.0052
10.680,5.6804
10.690,5.5499
10.700,5.0500
10.710,5.1370
10.720,5.0033
10.730,5.0198
10.740,5.4558
10.750,5.2066
10.760,5.2324
10.770,5.3728
10.780,5.4822
10.790,5.6681
10.800,5.6367
10.810,5.6529
10.820,5.3728
10.830,5.6581
10.840,5.9024
10.850,5.5533
10.860,5.5212
10.870,5.4251
10.880,5.3475
10.890,4.8473
10.900,4.9581
10.910,5.1738
10.920,5.1960
10.930,4.9351
10.940,4.7395
10.950,4.9415
10.960,5.1518
10.970,5.7375
10.980,5.7087
10.990,6.3099
11.000,6.4791
11.010,7.0563
11.020,7.4837
11.030,8.0483
11.040,8.5412
11.050,9.0914
11.060,9.3468
11.070,9.3182
11.080,9.7119
11.090,9.8836
11.100,9.7784
11.110,9.4659
11.120,9.4646
11.130,8.6878
11.140,8.5414
11.150,8.1827
11.160,7.6581
11.170,7.4968
11.180,7.0762
11.190,6.5935
11.200,6.2667
11.210,6.2026
11.220,6.7200
11.230,6.8204
11.240,6.9007
11.250,7.3819
11.260,7.6560
11.270,8.5914
11.280,8.9575
11.290,10.0302
11.300,10.9425
11.310,11.4347
11.320,12.5672
11.330,12.7667
11.340,13.5717
11.350,13.9909
11.360,14.5643
11.370,14.3674
11.380,14.4855
11.390,14.0177
11.400,13.9629
11.410,12.7748
11.420,12.7045
11.430,11.8369
11.440,10.9585
11.450,10.3471
11.460,9.6078
11.470,8.8376
11.480,8.3070
11.490,8.0441
11.500,7.7385
11.510,7.5785
11.520,7.7686
11.530,8.1425
11.540,8.3928
11.550,8.7880
11.560,9.6992
11.570,10.4487
11.580,11.2928
11.590,11.7383
11.600,12.5756
11.610,13.0386
11.620,14.0405
11.630,14.5663
11.640,14.7437
11.650,14.5114
11.660,14.6414
11.670,14.0699
11.680,14.2048
11.690,13.0403
11.700,12.4121
11.710,11.9153
11.720,10.9515
11.730,9.9608
11.740,9.6786
11.750,8.3421
11.760,7.9189
11.770,7.4797
11.780,6.9465
11.790,6.6352
11.800,6.7024
11.810,6.5451
11.820,6.6939
11.830,6.6845
11.840,7.1732
11.850,7.4007
11.860,7.7569
11.870,8.4063
11.880,8.9814
11.890,9.1582
11.900,9.6535
11.910,9.6736
11.920,9.9299
11.930,9.7079
11.940,9.5275
11.950,9.4509
11.960,9.1541
11.970,9.1435
11.980,8.8346
11.990,8.3477
12.000,7.4122
12.010,7.2760
12.020,6.6937
12.030,6.1883
12.040,5.8219
12.050,5.5119
12.060,5.0587
12.070,5.1117
12.080,5.1793
12.090,4.9133
12.100,5.0322
12.110,4.8594
12.120,5.3978
12.130,5.1484
12.140,5.3920
12.150,5.2790
12.160,5.6048
12.170,5.5920
12.180,5.7823
12.190,6.0128
12.200,5.7302
12.210,5.7139
12.220,5.3658
12.230,5.4607
12.240,5.4150
12.250,5.4629
12.260,5.0888
12.270,4.9922
12.280,4.9984
12.290,4.7599
12.300,4.7225
12.310,4.5745
12.320,4.6885
12.330,4.8032
12.340,4.7618
12.350,4.8469
12.360,5.1583
12.370,5.4955
12.380,5.4687
12.390,5.6693
12.400,6.1648
12.410,5.9581
12.420,6.3846
12.430,6.3522
12.440,6.5541
12.450,6.6081
12.460,6.5928
12.470,6.2210
12.480,6.0665
12.490,5.5659
12.500,5.6877
12.510,5.5941
12.520,5.3134
12.530,5.1484
12.540,4.9268
12.550,4.8310
12.560,5.0837
12.570,4.9574
12.580,4.9450
12.590,4.9979
12.600,5.5506
12.610,5.6285
12.620,6.3312
12.630,6.4363
12.640,6.8512
12.650,7.3863
12.660,7.9336
12.670,8.3444
12.680,8.7827
12.690,9.4919
12.700,9.5754
12.710,9.4747
12.720,9.8034
12.730,9.4992
12.740,9.5663
12.750,9.2232
12.760,8.8678
12.770,8.3319
12.780,8.0675
12.790,7.6563
12.800,7.3148
12.810,6.8474
12.820,6.5521
12.830,6.2085
12.840,6.3206
12.850,5.9821
12.860,5.8819
12.870,6.1392
12.880,6.3575
12.890,6.6213
12.900,7.1368
12.910,7.3695
12.920,8.1005
12.930,8.8158
12.940,9.3572
12.950,9.7577
12.960,10.5160
12.970,10.7616
12.980,11.1757
12.990,11.1829
13.000,11.4103
13.010,11.1416
13.020,11.4000
13.030,10.9846
13.040,10.3793
13.050,9.8234
13.060,8.9904
13.070,8.9035
13.080,8.4319
13.090,7.5664
13.100,7.0533
13.110,6.5472
13.120,6.2262
13.130,6.3628
13.140,6.1210
13.150,6.0842
13.160,6.1291
13.170,5.9012
13.180,6.4011
13.190,6.9521
13.200,7.2793
13.210,7.6126
13.220,8.1661
13.230,8.4742
13.240,9.0406
13.250,9.0429
13.260,9.4627
13.270,9.4899
13.280,9.6164
13.290,9.6260
13.300,9.4262
13.310,9.3381
13.320,8.9573
13.330,8.4996
13.340,7.5507
13.350,7.4982
13.360,6.8650
13.370,6.3893
13.380,6.5049
13.390,5.8257
13.400,5.6307
13.410,5.1468
13.420,4.5661
13.430,4.5716
13.440,4.5277
13.450,4.7803
13.460,4.6001
13.470,4.6930
13.480,4.9124
13.490,5.3115
13.500,5.3945
13.510,5.5134
13.520,5.8681
13.530,5.9778
13.540,6.0128
13.550,6.3060
13.560,6.2294
13.570,5.9736
13.580,6.1852
13.590,5.7955
13.600,5.9581
13.610,5.4847
13.620,5.4953
13.630,5.1579
13.640,4.6774
13.650,4.4076
13.660,3.8809
13.670,4.0339
13.680,3.6723
13.690,3.5815
13.700,3.7381
13.710,3.6650
13.720,3.3920
13.730,3.4198
13.740,3.5774
13.750,3.3533
13.760,3.1937
13.770,3.3039
13.780,3.6043
13.790,3.6566
13.800,3.8554
13.810,3.3691
13.820,3.5805
13.830,3.5934
13.840,3.6622
13.850,3.7658
13.860,3.5179
13.870,3.5925
13.880,3.5264
13.890,3.4744
13.900,3.3886
13.910,3.4790
13.920,3.3186
13.930,3.5567
13.940,3.1443
13.950,3.0425
13.960,2.6410
13.970,2.8082
13.980,2.8043
13.990,2.7041
