Wavenumber (cm-1),Absorbance
4000.0,0.03008
3998.0,0.02892
3996.0,0.03213
3994.0,0.03066
3992.0,0.03162
3990.0,0.02813
3988.0,0.02814
3986.0,0.03488
3984.0,0.02913
3982.0,0.03055
3980.0,0.03109
3978.0,0.02951
3976.0,0.03286
3974.0,0.03000
3972.0,0.02792
3970.0,0.03139
3968.0,0.03197
3966.0,0.02939
3964.0,0.02942
3962.0,0.03115
3960.0,0.02886
3958.0,0.02901
3956.0,0.02871
3954.0,0.03201
3952.0,0.02948
3950.0,0.03142
3948.0,0.03026
3946.0,0.03522
3944.0,0.03042
3942.0,0.02993
3940.0,0.03239
3938.0,0.03224
3936.0,0.02987
3934.0,0.03344
3932.0,0.03271
3930.0,0.02906
3928.0,0.02782
3926.0,0.03321
3924.0,0.03448
3922.0,0.02965
3920.0,0.02818
3918.0,0.02944
3916.0,0.03116
3914.0,0.03393
3912.0,0.03338
3910.0,0.03033
3908.0,0.02744
3906.0,0.03443
3904.0,0.03095
3902.0,0.03197
3900.0,0.03353
3898.0,0.03010
3896.0,0.03285
3894.0,0.03179
3892.0,0.03364
3890.0,0.03354
3888.0,0.03355
3886.0,0.03409
3884.0,0.03458
3882.0,0.03154
3880.0,0.03309
3878.0,0.02970
3876.0,0.03129
3874.0,0.03282
3872.0,0.03330
3870.0,0.03690
3868.0,0.03172
3866.0,0.03477
3864.0,0.03275
3862.0,0.03043
3860.0,0.03422
3858.0,0.03270
3856.0,0.02993
3854.0,0.03313
3852.0,0.03400
3850.0,0.03547
3848.0,0.03290
3846.0,0.03564
3844.0,0.03334
3842.0,0.03184
3840.0,0.03264
3838.0,0.03319
3836.0,0.03857
3834.0,0.03531
3832.0,0.03181
3830.0,0.03256
3828.0,0.03562
3826.0,0.03409
3824.0,0.02931
3822.0,0.03410
3820.0,0.03425
3818.0,0.03429
3816.0,0.03365
3814.0,0.03963
3812.0,0.03473
3810.0,0.03563
3808.0,0.03339
3806.0,0.03923
3804.0,0.03503
3802.0,0.03341
3800.0,0.03536
3798.0,0.03586
3796.0,0.03815
3794.0,0.03452
3792.0,0.03286
3790.0,0.03812
3788.0,0.03414
3786.0,0.03670
3784.0,0.03968
3782.0,0.03875
3780.0,0.03679
3778.0,0.03723
3776.0,0.03895
3774.0,0.03896
3772.0,0.04169
3770.0,0.03718
3768.0,0.03785
3766.0,0.03807
3764.0,0.04124
3762.0,0.03937
3760.0,0.03743
3758.0,0.03895
3756.0,0.04248
3754.0,0.03811
3752.0,0.03966
3750.0,0.04282
3748.0,0.04250
3746.0,0.03870
3744.0,0.04073
3742.0,0.04300
3740.0,0.04126
3738.0,0.04177
3736.0,0.04603
3734.0,0.04402
3732.0,0.04695
3730.0,0.04183
3728.0,0.04543
3726.0,0.04416
3724.0,0.04449
3722.0,0.04621
3720.0,0.04422
3718.0,0.04568
3716.0,0.04299
3714.0,0.04756
3712.0,0.04560
3710.0,0.04604
3708.0,0.04874
3706.0,0.04883
3704.0,0.05009
3702.0,0.05207
3700.0,0.05270
3698.0,0.04720
3696.0,0.04963
3694.0,0.04847
3692.0,0.05323
3690.0,0.05307
3688.0,0.05265
3686.0,0.05470
3684.0,0.05486
3682.0,0.05140
3680.0,0.05389
3678.0,0.05728
3676.0,0.05605
3674.0,0.05773
3672.0,0.05606
3670.0,0.05890
3668.0,0.05523
3666.0,0.05581
3664.0,0.06145
3662.0,0.05893
3660.0,0.06032
3658.0,0.06010
3656.0,0.06107
3654.0,0.06177
3652.0,0.06351
3650.0,0.06297
3648.0,0.06082
3646.0,0.06002
3644.0,0.06196
3642.0,0.06658
3640.0,0.06482
3638.0,0.07098
3636.0,0.06953
3634.0,0.06967
3632.0,0.07249
3630.0,0.07041
3628.0,0.06863
3626.0,0.07098
3624.0,0.07749
3622.0,0.07513
3620.0,0.07156
3618.0,0.07293
3616.0,0.07175
3614.0,0.07825
3612.0,0.07844
3610.0,0.07679
3608.0,0.07933
3606.0,0.08258
3604.0,0.08073
3602.0,0.08020
3600.0,0.08200
3598.0,0.08248
3596.0,0.08317
3594.0,0.08376
3592.0,0.08833
3590.0,0.08549
3588.0,0.08485
3586.0,0.08460
3584.0,0.08956
3582.0,0.08804
3580.0,0.08741
3578.0,0.08976
3576.0,0.08934
3574.0,0.08963
3572.0,0.08702
3570.0,0.09070
3568.0,0.08617
3566.0,0.09151
3564.0,0.09266
3562.0,0.09113
3560.0,0.09720
3558.0,0.09498
3556.0,0.09348
3554.0,0.09253
3552.0,0.09480
3550.0,0.09574
3548.0,0.09559
3546.0,0.09842
3544.0,0.09532
3542.0,0.09892
3540.0,0.09549
3538.0,0.09589
3536.0,0.09538
3534.0,0.09571
3532.0,0.09933
3530.0,0.09867
3528.0,0.09742
3526.0,0.10088
3524.0,0.09894
3522.0,0.09550
3520.0,0.09867
3518.0,0.10126
3516.0,0.09793
3514.0,0.10335
3512.0,0.10006
3510.0,0.09860
3508.0,0.10052
3506.0,0.10177
3504.0,0.09792
3502.0,0.10134
3500.0,0.09697
3498.0,0.10094
3496.0,0.09975
3494.0,0.10283
3492.0,0.10149
3490.0,0.10020
3488.0,0.09809
3486.0,0.10316
3484.0,0.09846
3482.0,0.09539
3480.0,0.09602
3478.0,0.09644
3476.0,0.09732
3474.0,0.09781
3472.0,0.09607
3470.0,0.09555
3468.0,0.09630
3466.0,0.09519
3464.0,0.09538
3462.0,0.09460
3460.0,0.09857
3458.0,0.09372
3456.0,0.09631
3454.0,0.09294
3452.0,0.09410
3450.0,0.09310
3448.0,0.09162
3446.0,0.09008
3444.0,0.09230
3442.0,0.08830
3440.0,0.09077
3438.0,0.08980
3436.0,0.09115
3434.0,0.08952
3432.0,0.08746
3430.0,0.08655
3428.0,0.08803
3426.0,0.08726
3424.0,0.08598
3422.0,0.08003
3420.0,0.08454
3418.0,0.08130
3416.0,0.08293
3414.0,0.08329
3412.0,0.08081
3410.0,0.08529
3408.0,0.08269
3406.0,0.07940
3404.0,0.07958
3402.0,0.07961
3400.0,0.07627
3398.0,0.07529
3396.0,0.07622
3394.0,0.07693
3392.0,0.07475
3390.0,0.07627
3388.0,0.07549
3386.0,0.07654
3384.0,0.07198
3382.0,0.07215
3380.0,0.07191
3378.0,0.07569
3376.0,0.06988
3374.0,0.07028
3372.0,0.06983
3370.0,0.07120
3368.0,0.06452
3366.0,0.07034
3364.0,0.06414
3362.0,0.06935
3360.0,0.06649
3358.0,0.06612
3356.0,0.06663
3354.0,0.06375
3352.0,0.06305
3350.0,0.06353
3348.0,0.06622
3346.0,0.05813
3344.0,0.06278
3342.0,0.06071
3340.0,0.06244
3338.0,0.06013
3336.0,0.06155
3334.0,0.05925
3332.0,0.06182
3330.0,0.05963
3328.0,0.05662
3326.0,0.05865
3324.0,0.05661
3322.0,0.05975
3320.0,0.05997
3318.0,0.05593
3316.0,0.05770
3314.0,0.05861
3312.0,0.06095
3310.0,0.05488
3308.0,0.05873
3306.0,0.05670
3304.0,0.05103
3302.0,0.05523
3300.0,0.05707
3298.0,0.05091
3296.0,0.04996
3294.0,0.05282
3292.0,0.05128
3290.0,0.05078
3288.0,0.05133
3286.0,0.04929
3284.0,0.04949
3282.0,0.05555
3280.0,0.05089
3278.0,0.05377
3276.0,0.05208
3274.0,0.05119
3272.0,0.04998
3270.0,0.05209
3268.0,0.05136
3266.0,0.05022
3264.0,0.04890
3262.0,0.05226
3260.0,0.04926
3258.0,0.04937
3256.0,0.04809
3254.0,0.05021
3252.0,0.04867
3250.0,0.05097
3248.0,0.05062
3246.0,0.05089
3244.0,0.05170
3242.0,0.04970
3240.0,0.04734
3238.0,0.04766
3236.0,0.04731
3234.0,0.05060
3232.0,0.04439
3230.0,0.04828
3228.0,0.04944
3226.0,0.04781
3224.0,0.04561
3222.0,0.04660
3220.0,0.04872
3218.0,0.04989
3216.0,0.04824
3214.0,0.04808
3212.0,0.04519
3210.0,0.04475
3208.0,0.05159
3206.0,0.04981
3204.0,0.04833
3202.0,0.04647
3200.0,0.04537
3198.0,0.04759
3196.0,0.04874
3194.0,0.04565
3192.0,0.04320
3190.0,0.04796
3188.0,0.04746
3186.0,0.04553
3184.0,0.04474
3182.0,0.04562
3180.0,0.04330
3178.0,0.04981
3176.0,0.04778
3174.0,0.04663
3172.0,0.04579
3170.0,0.04772
3168.0,0.04717
3166.0,0.04742
3164.0,0.04609
3162.0,0.04711
3160.0,0.04543
3158.0,0.05230
3156.0,0.04646
3154.0,0.04724
3152.0,0.04958
3150.0,0.04788
3148.0,0.04933
3146.0,0.04488
3144.0,0.04675
3142.0,0.04308
3140.0,0.04825
3138.0,0.05046
3136.0,0.04631
3134.0,0.04824
3132.0,0.04932
3130.0,0.04975
3128.0,0.04635
3126.0,0.04736
3124.0,0.04776
3122.0,0.04887
3120.0,0.04604
3118.0,0.05042
3116.0,0.04601
3114.0,0.04752
3112.0,0.04764
3110.0,0.04700
3108.0,0.04784
3106.0,0.04800
3104.0,0.04732
3102.0,0.04968
3100.0,0.04716
3098.0,0.04655
3096.0,0.04967
3094.0,0.04775
3092.0,0.04918
3090.0,0.04744
3088.0,0.05025
3086.0,0.04832
3084.0,0.04896
3082.0,0.04874
3080.0,0.04917
3078.0,0.05114
3076.0,0.05113
3074.0,0.04733
3072.0,0.04991
3070.0,0.04871
3068.0,0.04776
3066.0,0.04849
3064.0,0.05272
3062.0,0.04801
3060.0,0.04950
3058.0,0.04849
3056.0,0.05368
3054.0,0.04971
3052.0,0.05221
3050.0,0.04911
3048.0,0.04945
3046.0,0.05135
3044.0,0.04691
3042.0,0.04788
3040.0,0.04923
3038.0,0.04633
3036.0,0.05057
3034.0,0.05055
3032.0,0.04977
3030.0,0.05030
3028.0,0.05200
3026.0,0.04938
3024.0,0.05251
3022.0,0.05094
3020.0,0.05193
3018.0,0.05419
3016.0,0.05530
3014.0,0.06235
3012.0,0.06409
3010.0,0.07593
3008.0,0.08895
3006.0,0.10092
3004.0,0.10884
3002.0,0.12393
3000.0,0.13851
2998.0,0.14294
2996.0,0.15054
2994.0,0.15277
2992.0,0.14955
2990.0,0.13646
2988.0,0.12770
2986.0,0.11084
2984.0,0.10368
2982.0,0.08593
2980.0,0.07633
2978.0,0.07288
2976.0,0.07016
2974.0,0.06778
2972.0,0.07468
2970.0,0.07725
2968.0,0.08796
2966.0,0.09506
2964.0,0.10949
2962.0,0.11948
2960.0,0.13558
2958.0,0.15270
2956.0,0.16070
2954.0,0.16795
2952.0,0.17981
2950.0,0.18245
2948.0,0.18157
2946.0,0.17035
2944.0,0.16332
2942.0,0.15310
2940.0,0.13597
2938.0,0.12179
2936.0,0.11360
2934.0,0.10072
2932.0,0.08728
2930.0,0.07592
2928.0,0.07217
2926.0,0.06082
2924.0,0.05922
2922.0,0.05513
2920.0,0.05438
2918.0,0.05111
2916.0,0.05217
2914.0,0.05220
2912.0,0.05353
2910.0,0.05400
2908.0,0.05311
2906.0,0.05142
2904.0,0.05341
2902.0,0.05181
2900.0,0.04665
2898.0,0.05504
2896.0,0.05455
2894.0,0.05284
2892.0,0.05089
2890.0,0.05421
2888.0,0.05078
2886.0,0.05173
2884.0,0.05288
2882.0,0.05593
2880.0,0.05082
2878.0,0.05257
2876.0,0.05078
2874.0,0.05478
2872.0,0.04964
2870.0,0.05474
2868.0,0.05262
2866.0,0.05464
2864.0,0.05303
2862.0,0.05190
2860.0,0.05313
2858.0,0.05095
2856.0,0.05323
2854.0,0.05575
2852.0,0.05230
2850.0,0.05199
2848.0,0.05392
2846.0,0.05061
2844.0,0.05167
2842.0,0.05093
2840.0,0.05270
2838.0,0.05194
2836.0,0.05214
2834.0,0.05596
2832.0,0.05039
2830.0,0.05380
2828.0,0.05186
2826.0,0.05308
2824.0,0.05417
2822.0,0.05472
2820.0,0.05630
2818.0,0.05336
2816.0,0.05624
2814.0,0.05685
2812.0,0.05494
2810.0,0.05300
2808.0,0.05498
2806.0,0.05288
2804.0,0.05256
2802.0,0.05410
2800.0,0.05226
2798.0,0.05359
2796.0,0.05560
2794.0,0.05474
2792.0,0.05262
2790.0,0.05115
2788.0,0.05617
2786.0,0.05411
2784.0,0.05380
2782.0,0.05068
2780.0,0.05750
2778.0,0.05500
2776.0,0.05651
2774.0,0.05765
2772.0,0.05649
2770.0,0.05211
2768.0,0.05262
2766.0,0.06246
2764.0,0.05266
2762.0,0.05494
2760.0,0.05582
2758.0,0.05315
2756.0,0.05426
2754.0,0.05574
2752.0,0.05861
2750.0,0.05324
2748.0,0.05617
2746.0,0.05572
2744.0,0.05712
2742.0,0.05430
2740.0,0.05411
2738.0,0.05634
2736.0,0.05417
2734.0,0.05567
2732.0,0.05224
2730.0,0.05563
2728.0,0.05480
2726.0,0.05610
2724.0,0.05192
2722.0,0.05213
2720.0,0.05208
2718.0,0.05546
2716.0,0.05766
2714.0,0.05716
2712.0,0.05872
2710.0,0.05778
2708.0,0.05628
2706.0,0.05652
2704.0,0.05802
2702.0,0.05614
2700.0,0.05378
2698.0,0.05393
2696.0,0.05802
2694.0,0.05238
2692.0,0.05517
2690.0,0.05660
2688.0,0.05502
2686.0,0.05302
2684.0,0.05644
2682.0,0.05503
2680.0,0.05594
2678.0,0.05825
2676.0,0.05736
2674.0,0.06025
2672.0,0.05271
2670.0,0.06035
2668.0,0.05405
2666.0,0.05456
2664.0,0.05510
2662.0,0.05332
2660.0,0.05562
2658.0,0.05695
2656.0,0.05667
2654.0,0.05472
2652.0,0.05409
2650.0,0.05667
2648.0,0.05495
2646.0,0.05540
2644.0,0.05873
2642.0,0.05678
2640.0,0.05699
2638.0,0.05612
2636.0,0.05578
2634.0,0.05578
2632.0,0.05837
2630.0,0.05789
2628.0,0.05653
2626.0,0.06167
2624.0,0.05816
2622.0,0.05751
2620.0,0.05542
2618.0,0.05548
2616.0,0.05938
2614.0,0.05700
2612.0,0.05503
2610.0,0.05794
2608.0,0.05851
2606.0,0.05899
2604.0,0.05649
2602.0,0.05598
2600.0,0.05978
2598.0,0.05732
2596.0,0.05715
2594.0,0.05487
2592.0,0.05810
2590.0,0.05892
2588.0,0.06108
2586.0,0.05591
2584.0,0.05984
2582.0,0.05714
2580.0,0.06241
2578.0,0.05803
2576.0,0.05797
2574.0,0.05841
2572.0,0.06029
2570.0,0.06036
2568.0,0.06088
2566.0,0.05896
2564.0,0.06022
2562.0,0.05930
2560.0,0.06057
2558.0,0.06050
2556.0,0.05766
2554.0,0.05774
2552.0,0.05710
2550.0,0.05685
2548.0,0.06031
2546.0,0.05747
2544.0,0.05432
2542.0,0.05716
2540.0,0.05727
2538.0,0.05745
2536.0,0.05674
2534.0,0.06033
2532.0,0.05875
2530.0,0.06083
2528.0,0.06048
2526.0,0.05777
2524.0,0.05626
2522.0,0.06216
2520.0,0.06047
2518.0,0.05915
2516.0,0.05840
2514.0,0.05863
2512.0,0.06248
2510.0,0.05755
2508.0,0.06237
2506.0,0.05985
2504.0,0.06203
2502.0,0.05952
2500.0,0.06181
2498.0,0.06188
2496.0,0.05859
2494.0,0.05754
2492.0,0.05869
2490.0,0.06449
2488.0,0.06311
2486.0,0.06024
2484.0,0.05926
2482.0,0.05916
2480.0,0.05806
2478.0,0.06173
2476.0,0.06061
2474.0,0.05981
2472.0,0.06194
2470.0,0.05792
2468.0,0.06055
2466.0,0.05859
2464.0,0.06049
2462.0,0.06514
2460.0,0.06226
2458.0,0.05918
2456.0,0.06167
2454.0,0.06288
2452.0,0.05767
2450.0,0.05813
2448.0,0.06096
2446.0,0.06162
2444.0,0.06277
2442.0,0.05766
2440.0,0.06339
2438.0,0.05778
2436.0,0.06101
2434.0,0.05902
2432.0,0.06284
2430.0,0.05843
2428.0,0.06009
2426.0,0.06302
2424.0,0.05821
2422.0,0.06241
2420.0,0.05842
2418.0,0.06036
2416.0,0.06251
2414.0,0.06072
2412.0,0.06488
2410.0,0.06339
2408.0,0.06185
2406.0,0.06527
2404.0,0.06188
2402.0,0.06038
2400.0,0.06280
2398.0,0.06383
2396.0,0.06196
2394.0,0.06380
2392.0,0.05953
2390.0,0.06214
2388.0,0.05930
2386.0,0.06215
2384.0,0.06370
2382.0,0.06104
2380.0,0.06200
2378.0,0.05830
2376.0,0.06083
2374.0,0.06005
2372.0,0.06146
2370.0,0.06413
2368.0,0.06596
2366.0,0.06320
2364.0,0.06199
2362.0,0.06250
2360.0,0.06319
2358.0,0.06016
2356.0,0.06621
2354.0,0.06318
2352.0,0.06245
2350.0,0.06240
2348.0,0.06510
2346.0,0.06167
2344.0,0.06386
2342.0,0.06451
2340.0,0.06074
2338.0,0.06339
2336.0,0.06444
2334.0,0.06756
2332.0,0.06168
2330.0,0.06276
2328.0,0.06565
2326.0,0.06130
2324.0,0.06374
2322.0,0.06567
2320.0,0.06490
2318.0,0.05716
2316.0,0.06162
2314.0,0.06346
2312.0,0.06798
2310.0,0.06634
2308.0,0.06089
2306.0,0.06568
2304.0,0.06592
2302.0,0.06429
2300.0,0.06789
2298.0,0.06543
2296.0,0.06374
2294.0,0.06389
2292.0,0.06547
2290.0,0.06843
2288.0,0.06483
2286.0,0.06519
2284.0,0.06410
2282.0,0.06549
2280.0,0.06372
2278.0,0.06496
2276.0,0.06774
2274.0,0.06270
2272.0,0.06623
2270.0,0.06273
2268.0,0.06419
2266.0,0.06222
2264.0,0.06266
2262.0,0.06639
2260.0,0.06508
2258.0,0.06562
2256.0,0.06614
2254.0,0.06710
2252.0,0.06505
2250.0,0.06527
2248.0,0.06448
2246.0,0.06697
2244.0,0.06758
2242.0,0.06369
2240.0,0.06667
2238.0,0.06440
2236.0,0.06998
2234.0,0.06198
2232.0,0.06526
2230.0,0.06548
2228.0,0.06173
2226.0,0.06689
2224.0,0.06533
2222.0,0.06470
2220.0,0.06041
2218.0,0.06354
2216.0,0.06613
2214.0,0.06451
2212.0,0.06697
2210.0,0.06292
2208.0,0.06958
2206.0,0.06283
2204.0,0.06378
2202.0,0.06922
2200.0,0.06692
2198.0,0.06289
2196.0,0.06289
2194.0,0.06411
2192.0,0.06570
2190.0,0.06618
2188.0,0.06443
2186.0,0.06436
2184.0,0.06639
2182.0,0.06612
2180.0,0.07041
2178.0,0.06381
2176.0,0.06437
2174.0,0.06949
2172.0,0.06671
2170.0,0.06483
2168.0,0.06776
2166.0,0.06502
2164.0,0.06759
2162.0,0.06961
2160.0,0.06406
2158.0,0.06305
2156.0,0.06483
2154.0,0.06605
2152.0,0.06851
2150.0,0.06996
2148.0,0.06496
2146.0,0.06213
2144.0,0.06558
2142.0,0.06631
2140.0,0.06974
2138.0,0.07099
2136.0,0.06506
2134.0,0.06655
2132.0,0.06772
2130.0,0.06739
2128.0,0.06944
2126.0,0.06746
2124.0,0.06893
2122.0,0.06321
2120.0,0.06488
2118.0,0.06649
2116.0,0.07036
2114.0,0.06493
2112.0,0.06813
2110.0,0.06934
2108.0,0.07042
2106.0,0.06685
2104.0,0.06574
2102.0,0.06899
2100.0,0.06847
2098.0,0.06949
2096.0,0.06929
2094.0,0.07155
2092.0,0.06622
2090.0,0.06865
2088.0,0.07020
2086.0,0.07060
2084.0,0.06934
2082.0,0.06513
2080.0,0.07221
2078.0,0.06949
2076.0,0.07197
2074.0,0.06641
2072.0,0.06942
2070.0,0.06575
2068.0,0.06971
2066.0,0.07251
2064.0,0.06854
2062.0,0.06657
2060.0,0.07013
2058.0,0.07414
2056.0,0.06665
2054.0,0.06868
2052.0,0.06950
2050.0,0.06587
2048.0,0.06726
2046.0,0.07060
2044.0,0.06666
2042.0,0.06975
2040.0,0.07374
2038.0,0.07012
2036.0,0.07007
2034.0,0.06934
2032.0,0.07070
2030.0,0.06869
2028.0,0.07373
2026.0,0.07335
2024.0,0.07390
2022.0,0.07385
2020.0,0.07087
2018.0,0.06615
2016.0,0.06914
2014.0,0.06596
2012.0,0.07137
2010.0,0.07226
2008.0,0.07006
2006.0,0.06721
2004.0,0.07231
2002.0,0.06963
2000.0,0.06898
1998.0,0.07181
1996.0,0.07259
1994.0,0.06796
1992.0,0.06965
1990.0,0.07016
1988.0,0.07077
1986.0,0.07309
1984.0,0.06661
1982.0,0.07008
1980.0,0.07415
1978.0,0.07005
1976.0,0.07276
1974.0,0.07224
1972.0,0.07296
1970.0,0.07085
1968.0,0.07355
1966.0,0.07211
1964.0,0.06986
1962.0,0.07553
1960.0,0.07351
1958.0,0.07000
1956.0,0.07214
1954.0,0.06944
1952.0,0.07069
1950.0,0.06911
1948.0,0.07235
1946.0,0.07349
1944.0,0.07149
1942.0,0.06964
1940.0,0.07097
1938.0,0.07288
1936.0,0.07165
1934.0,0.07508
1932.0,0.07347
1930.0,0.06973
1928.0,0.07380
1926.0,0.07226
1924.0,0.07366
1922.0,0.07195
1920.0,0.07189
1918.0,0.07230
1916.0,0.07176
1914.0,0.06855
1912.0,0.06941
1910.0,0.07255
1908.0,0.07596
1906.0,0.06970
1904.0,0.07476
1902.0,0.07763
1900.0,0.07285
1898.0,0.07258
1896.0,0.07275
1894.0,0.07149
1892.0,0.07387
1890.0,0.06995
1888.0,0.07522
1886.0,0.07443
1884.0,0.07198
1882.0,0.07290
1880.0,0.07283
1878.0,0.07557
1876.0,0.07192
1874.0,0.07318
1872.0,0.07539
1870.0,0.06954
1868.0,0.06961
1866.0,0.07259
1864.0,0.07596
1862.0,0.07466
1860.0,0.07152
1858.0,0.06879
1856.0,0.07548
1854.0,0.07207
1852.0,0.07607
1850.0,0.07240
1848.0,0.07476
1846.0,0.07291
1844.0,0.07473
1842.0,0.07375
1840.0,0.07281
1838.0,0.07370
1836.0,0.07245
1834.0,0.07429
1832.0,0.07562
1830.0,0.07437
1828.0,0.07562
1826.0,0.07448
1824.0,0.06989
1822.0,0.06965
1820.0,0.07189
1818.0,0.07196
1816.0,0.07376
1814.0,0.07335
1812.0,0.07147
1810.0,0.07469
1808.0,0.07199
1806.0,0.07249
1804.0,0.07599
1802.0,0.07696
1800.0,0.07760
1798.0,0.07719
1796.0,0.08677
1794.0,0.08830
1792.0,0.09036
1790.0,0.09787
1788.0,0.11287
1786.0,0.12946
1784.0,0.15798
1782.0,0.18558
1780.0,0.23206
1778.0,0.28336
1776.0,0.34369
1774.0,0.41937
1772.0,0.49847
1770.0,0.58705
1768.0,0.67928
1766.0,0.77422
1764.0,0.86480
1762.0,0.93677
1760.0,1.00366
1758.0,1.05051
1756.0,1.07055
1754.0,1.07214
1752.0,1.04557
1750.0,1.00394
1748.0,0.93837
1746.0,0.86266
1744.0,0.77574
1742.0,0.67993
1740.0,0.58653
1738.0,0.50093
1736.0,0.41753
1734.0,0.34662
1732.0,0.28210
1730.0,0.23491
1728.0,0.18717
1726.0,0.15722
1724.0,0.13170
1722.0,0.11601
1720.0,0.10288
1718.0,0.09045
1716.0,0.08398
1714.0,0.08259
1712.0,0.08173
1710.0,0.07834
1708.0,0.07608
1706.0,0.07622
1704.0,0.07484
1702.0,0.07723
1700.0,0.07792
1698.0,0.07667
1696.0,0.07788
1694.0,0.07863
1692.0,0.08046
1690.0,0.07277
1688.0,0.07300
1686.0,0.07611
1684.0,0.07578
1682.0,0.07535
1680.0,0.07695
1678.0,0.07487
1676.0,0.07706
1674.0,0.07666
1672.0,0.07524
1670.0,0.07757
1668.0,0.07544
1666.0,0.07874
1664.0,0.07681
1662.0,0.07610
1660.0,0.07943
1658.0,0.07525
1656.0,0.07973
1654.0,0.07989
1652.0,0.08204
1650.0,0.07798
1648.0,0.08091
1646.0,0.07893
1644.0,0.07483
1642.0,0.07703
1640.0,0.07737
1638.0,0.07762
1636.0,0.08044
1634.0,0.07233
1632.0,0.07506
1630.0,0.07550
1628.0,0.07998
1626.0,0.08211
1624.0,0.07515
1622.0,0.07534
1620.0,0.08094
1618.0,0.07986
1616.0,0.07529
1614.0,0.08019
1612.0,0.08118
1610.0,0.07716
1608.0,0.07768
1606.0,0.07626
1604.0,0.07555
1602.0,0.07621
1600.0,0.07846
1598.0,0.07927
1596.0,0.07971
1594.0,0.07493
1592.0,0.07747
1590.0,0.08091
1588.0,0.07714
1586.0,0.08122
1584.0,0.07650
1582.0,0.08090
1580.0,0.07679
1578.0,0.07643
1576.0,0.08088
1574.0,0.08082
1572.0,0.07842
1570.0,0.07683
1568.0,0.07946
1566.0,0.07797
1564.0,0.08070
1562.0,0.08009
1560.0,0.07749
1558.0,0.08194
1556.0,0.07884
1554.0,0.07897
1552.0,0.07755
1550.0,0.08353
1548.0,0.07645
1546.0,0.08151
1544.0,0.07627
1542.0,0.07734
1540.0,0.07978
1538.0,0.08370
1536.0,0.08192
1534.0,0.08014
1532.0,0.07768
1530.0,0.08409
1528.0,0.08115
1526.0,0.08165
1524.0,0.07792
1522.0,0.07971
1520.0,0.07931
1518.0,0.07925
1516.0,0.08088
1514.0,0.07707
1512.0,0.08020
1510.0,0.08169
1508.0,0.07761
1506.0,0.08231
1504.0,0.07915
1502.0,0.07386
1500.0,0.08059
1498.0,0.08248
1496.0,0.07886
1494.0,0.08086
1492.0,0.08058
1490.0,0.07899
1488.0,0.08098
1486.0,0.08221
1484.0,0.07953
1482.0,0.07982
1480.0,0.08340
1478.0,0.08230
1476.0,0.08891
1474.0,0.09256
1472.0,0.10224
1470.0,0.12086
1468.0,0.13245
1466.0,0.15679
1464.0,0.18045
1462.0,0.21563
1460.0,0.24082
1458.0,0.27100
1456.0,0.28827
1454.0,0.29851
1452.0,0.29682
1450.0,0.28479
1448.0,0.26551
1446.0,0.24935
1444.0,0.21369
1442.0,0.18459
1440.0,0.16705
1438.0,0.14824
1436.0,0.13937
1434.0,0.14342
1432.0,0.14816
1430.0,0.16209
1428.0,0.17814
1426.0,0.19449
1424.0,0.20332
1422.0,0.20394
1420.0,0.19007
1418.0,0.17449
1416.0,0.15690
1414.0,0.13508
1412.0,0.11642
1410.0,0.10296
1408.0,0.09521
1406.0,0.09009
1404.0,0.08941
1402.0,0.09061
1400.0,0.10268
1398.0,0.11338
1396.0,0.13461
1394.0,0.15721
1392.0,0.19293
1390.0,0.21975
1388.0,0.24346
1386.0,0.25813
1384.0,0.26020
1382.0,0.24819
1380.0,0.22371
1378.0,0.19296
1376.0,0.15928
1374.0,0.13675
1372.0,0.11676
1370.0,0.09699
1368.0,0.09062
1366.0,0.08624
1364.0,0.08860
1362.0,0.08595
1360.0,0.08077
1358.0,0.08087
1356.0,0.08261
1354.0,0.08460
1352.0,0.07993
1350.0,0.08492
1348.0,0.08465
1346.0,0.08452
1344.0,0.08142
1342.0,0.08181
1340.0,0.08298
1338.0,0.08572
1336.0,0.08333
1334.0,0.08684
1332.0,0.08381
1330.0,0.08554
1328.0,0.08048
1326.0,0.08328
1324.0,0.08293
1322.0,0.08438
1320.0,0.08656
1318.0,0.08889
1316.0,0.08900
1314.0,0.08880
1312.0,0.09285
1310.0,0.09943
1308.0,0.10025
1306.0,0.11393
1304.0,0.12169
1302.0,0.13226
1300.0,0.14445
1298.0,0.16199
1296.0,0.18123
1294.0,0.20445
1292.0,0.22706
1290.0,0.25173
1288.0,0.27697
1286.0,0.30530
1284.0,0.32945
1282.0,0.34518
1280.0,0.36389
1278.0,0.37489
1276.0,0.38168
1274.0,0.38310
1272.0,0.38054
1270.0,0.36785
1268.0,0.35175
1266.0,0.32462
1264.0,0.30437
1262.0,0.27922
1260.0,0.25564
1258.0,0.23090
1256.0,0.20356
1254.0,0.18530
1252.0,0.16214
1250.0,0.14460
1248.0,0.12929
1246.0,0.12143
1244.0,0.11298
1242.0,0.10544
1240.0,0.09968
1238.0,0.09927
1236.0,0.10082
1234.0,0.09964
1232.0,0.10126
1230.0,0.11032
1228.0,0.11963
1226.0,0.12592
1224.0,0.13678
1222.0,0.15396
1220.0,0.17555
1218.0,0.19566
1216.0,0.22636
1214.0,0.25433
1212.0,0.29014
1210.0,0.33088
1208.0,0.37198
1206.0,0.42122
1204.0,0.47253
1202.0,0.52304
1200.0,0.57282
1198.0,0.62364
1196.0,0.67305
1194.0,0.71099
1192.0,0.74433
1190.0,0.77655
1188.0,0.79190
1186.0,0.80114
1184.0,0.80454
1182.0,0.79234
1180.0,0.77410
1178.0,0.74931
1176.0,0.70966
1174.0,0.67103
1172.0,0.62619
1170.0,0.58179
1168.0,0.52509
1166.0,0.47814
1164.0,0.43198
1162.0,0.38740
1160.0,0.35234
1158.0,0.32205
1156.0,0.29656
1154.0,0.28206
1152.0,0.27907
1150.0,0.28801
1148.0,0.29886
1146.0,0.32557
1144.0,0.35497
1142.0,0.38951
1140.0,0.42792
1138.0,0.46484
1136.0,0.49836
1134.0,0.52832
1132.0,0.54631
1130.0,0.55501
1128.0,0.55415
1126.0,0.54622
1124.0,0.52688
1122.0,0.50615
1120.0,0.48749
1118.0,0.46939
1116.0,0.45725
1114.0,0.45842
1112.0,0.46976
1110.0,0.49116
1108.0,0.52310
1106.0,0.56466
1104.0,0.61948
1102.0,0.67088
1100.0,0.72758
1098.0,0.77803
1096.0,0.82580
1094.0,0.86004
1092.0,0.88395
1090.0,0.88999
1088.0,0.88069
1086.0,0.85750
1084.0,0.81778
1082.0,0.76871
1080.0,0.71012
1078.0,0.64677
1076.0,0.57682
1074.0,0.50266
1072.0,0.43916
1070.0,0.37849
1068.0,0.33361
1066.0,0.28830
1064.0,0.25709
1062.0,0.24009
1060.0,0.23171
1058.0,0.22868
1056.0,0.24863
1054.0,0.26804
1052.0,0.29278
1050.0,0.31840
1048.0,0.33258
1046.0,0.33948
1044.0,0.34137
1042.0,0.32968
1040.0,0.30427
1038.0,0.27522
1036.0,0.24169
1034.0,0.20700
1032.0,0.17786
1030.0,0.15106
1028.0,0.12962
1026.0,0.11671
1024.0,0.10595
1022.0,0.10002
1020.0,0.09272
1018.0,0.09474
1016.0,0.08804
1014.0,0.08910
1012.0,0.09048
1010.0,0.08445
1008.0,0.09186
1006.0,0.09427
1004.0,0.09283
1002.0,0.09213
1000.0,0.08992
998.0,0.08832
996.0,0.08979
994.0,0.08692
992.0,0.08746
990.0,0.08963
988.0,0.09136
986.0,0.09057
984.0,0.09159
982.0,0.09065
980.0,0.09262
978.0,0.09334
976.0,0.08954
974.0,0.09052
972.0,0.09128
970.0,0.08561
968.0,0.09364
966.0,0.09098
964.0,0.09261
962.0,0.08733
960.0,0.08996
958.0,0.09170
956.0,0.09154
954.0,0.09153
952.0,0.08954
950.0,0.09207
948.0,0.09064
946.0,0.09038
944.0,0.09225
942.0,0.08806
940.0,0.09600
938.0,0.09173
936.0,0.09266
934.0,0.09073
932.0,0.09361
930.0,0.09213
928.0,0.09057
926.0,0.09255
924.0,0.09178
922.0,0.09010
920.0,0.09054
918.0,0.09300
916.0,0.09083
914.0,0.09086
912.0,0.09014
910.0,0.08966
908.0,0.08788
906.0,0.09034
904.0,0.09116
902.0,0.09147
900.0,0.09385
898.0,0.09379
896.0,0.08979
894.0,0.09350
892.0,0.09368
890.0,0.09610
888.0,0.10425
886.0,0.10511
884.0,0.11220
882.0,0.12361
880.0,0.13613
878.0,0.15345
876.0,0.16973
874.0,0.18056
872.0,0.19044
870.0,0.19309
868.0,0.18674
866.0,0.18397
864.0,0.16685
862.0,0.15102
860.0,0.13923
858.0,0.12798
856.0,0.11640
854.0,0.10700
852.0,0.10073
850.0,0.09517
848.0,0.09855
846.0,0.09304
844.0,0.09216
842.0,0.09630
840.0,0.09248
838.0,0.09274
836.0,0.09529
834.0,0.09069
832.0,0.09336
830.0,0.09251
828.0,0.09498
826.0,0.09287
824.0,0.09433
822.0,0.09349
820.0,0.09552
818.0,0.09371
816.0,0.09439
814.0,0.09535
812.0,0.09265
810.0,0.09429
808.0,0.09222
806.0,0.09409
804.0,0.09559
802.0,0.09455
800.0,0.09162
798.0,0.09433
796.0,0.09222
794.0,0.09477
792.0,0.09130
790.0,0.09544
788.0,0.09317
786.0,0.09264
784.0,0.09631
782.0,0.09624
780.0,0.09138
778.0,0.09755
776.0,0.09716
774.0,0.09922
772.0,0.09470
770.0,0.10241
768.0,0.10530
766.0,0.11312
764.0,0.11876
762.0,0.12593
760.0,0.13597
758.0,0.14995
756.0,0.15548
754.0,0.16614
752.0,0.17355
750.0,0.17629
748.0,0.17568
746.0,0.17031
744.0,0.16117
742.0,0.15447
740.0,0.13809
738.0,0.12756
736.0,0.11760
734.0,0.11487
732.0,0.10732
730.0,0.10479
728.0,0.10108
726.0,0.09727
724.0,0.09596
722.0,0.09581
720.0,0.09843
718.0,0.09574
716.0,0.09582
714.0,0.09327
712.0,0.09420
710.0,0.09532
708.0,0.09407
706.0,0.09597
704.0,0.09656
702.0,0.09868
700.0,0.09581
698.0,0.09663
696.0,0.09504
694.0,0.09716
692.0,0.09673
690.0,0.09604
688.0,0.09799
686.0,0.10060
684.0,0.09691
682.0,0.09891
680.0,0.09943
678.0,0.09564
676.0,0.09831
674.0,0.10032
672.0,0.09459
670.0,0.09675
668.0,0.09635
666.0,0.09847
664.0,0.09613
662.0,0.09804
660.0,0.09825
658.0,0.09713
656.0,0.09752
654.0,0.09249
652.0,0.09696
650.0,0.09512
648.0,0.09765
646.0,0.09257
644.0,0.09975
642.0,0.09703
640.0,0.09686
638.0,0.09524
636.0,0.09900
634.0,0.09848
632.0,0.09651
630.0,0.09763
628.0,0.09554
626.0,0.09746
624.0,0.09572
622.0,0.09907
620.0,0.09596
618.0,0.09820
616.0,0.10014
614.0,0.09959
612.0,0.09421
610.0,0.09692
608.0,0.09581
606.0,0.09791
604.0,0.09804
602.0,0.09518
600.0,0.10114
598.0,0.09291
596.0,0.09825
594.0,0.09865
592.0,0.09928
590.0,0.09587
588.0,0.09297
586.0,0.09588
584.0,0.09544
582.0,0.09955
580.0,0.09793
578.0,0.09739
576.0,0.09814
574.0,0.09620
572.0,0.09623
570.0,0.09595
568.0,0.09841
566.0,0.09672
564.0,0.09880
562.0,0.09609
560.0,0.09999
558.0,0.10111
556.0,0.09738
554.0,0.09564
552.0,0.10018
550.0,0.09780
548.0,0.09973
546.0,0.09832
544.0,0.09673
542.0,0.10080
540.0,0.09784
538.0,0.09940
536.0,0.10098
534.0,0.10102
532.0,0.10013
530.0,0.09932
528.0,0.09966
526.0,0.10021
524.0,0.10030
522.0,0.09917
520.0,0.09931
518.0,0.09718
516.0,0.09836
514.0,0.09596
512.0,0.10225
510.0,0.09964
508.0,0.09963
506.0,0.10044
504.0,0.09835
502.0,0.09515
500.0,0.09815
498.0,0.09602
496.0,0.10058
494.0,0.09938
492.0,0.10008
490.0,0.09699
488.0,0.09953
486.0,0.10109
484.0,0.09914
482.0,0.09745
480.0,0.10271
478.0,0.09967
476.0,0.09954
474.0,0.10215
472.0,0.09755
470.0,0.10078
468.0,0.10306
466.0,0.10251
464.0,0.10086
462.0,0.09802
460.0,0.10259
458.0,0.10015
456.0,0.10339
454.0,0.10003
452.0,0.10110
450.0,0.10288
448.0,0.10053
446.0,0.10468
444.0,0.10107
442.0,0.10084
440.0,0.10414
438.0,0.10017
436.0,0.09821
434.0,0.10359
432.0,0.10008
430.0,0.10003
428.0,0.10072
426.0,0.10062
424.0,0.10407
422.0,0.10513
420.0,0.09996
418.0,0.10096
416.0,0.10223
414.0,0.10108
412.0,0.10227
410.0,0.10115
408.0,0.09919
406.0,0.10404
404.0,0.10400
402.0,0.10322
400.0,0.10032
